complaint_id,received_at,channel,reporter_type,region,category,product_id,product_name,severity,priority_score,mdr_reportable_flag,summary,event_date,lot_or_serial,patient_involved,patient_outcome,device_returned,units_affected,missing_info,suggested_next_action,route_team,confidence,needs_human_review,review_reason
C-1001,2026-06-01T09:12,Web Form,Clinician,US-Northeast,Device Malfunction,DEV-1001,InfuLine 300 Infusion Pump,High,84,Yes,Repeat false occlusion alarms during chemotherapy infusion delayed therapy 40 minutes; no patient harm reported.,Not stated,LOT-IL300-2291,Yes,No harm; 40 minute therapy delay,Not stated,1 unit,event_date;device_return_status;pump_serial_number,Request device return and pull service history for repeat-alarm trend.,Product Quality Engineering,0.91,TRUE,Severity High and MDR possible
C-1002,2026-06-01T14:40,Phone,Patient,US-Midwest,Adverse Event,DEV-1002,GlucoTrack G5 Blood Glucose Meter,Critical,98,Yes,Discordant glucose readings led to insulin dose and overnight emergency admission for severe hypoglycaemia.,Not stated,Not stated,Yes,Emergency department admission overnight,Not stated,1 unit,event_date;meter_lot_and_serial;test_strip_lot;discharge_summary,Open MDR assessment within 24 hours and call patient today.,Pharmacovigilance,0.95,TRUE,Serious injury reported
C-1003,2026-06-02T08:05,Distributor Portal,Distributor,EU-DACH,Quality/Sterility,DEV-1005,SureSeal Surgical Stapler,High,80,No,Four of twelve sterile pouches received with broken top seal; product unused and quarantined.,Not stated,LOT-SS-77120,No,Not applicable,No,4 of 12 units,event_date;photographs;storage_and_transit_conditions,Issue return authorisation and open sterile barrier investigation for the lot.,Product Quality Engineering,0.89,TRUE,Sterility breach with harm potential
C-1004,2026-06-02T16:22,Email,Clinic Admin,US-West,Shipping/Logistics,UNKNOWN,Unidentified / Not stated,Low,20,No,Monthly order arrived late causing two patient fittings to be rescheduled; no product defect reported.,Not stated,Not stated,No,Not applicable,Not stated,Not stated,product_identity;order_number;promised_delivery_date,Confirm carrier delay reason and offer revised delivery schedule.,Supply Chain,0.84,TRUE,Product could not be identified
C-1005,2026-06-03T10:31,Web Form,Patient,US-South,Device Malfunction,DEV-1004,AeroRest CPAP Unit,Medium,52,No,Humidifier chamber leaking water onto nightstand; unit still operating after two reseating attempts.,Not stated,SN-AR-448201,Yes,No harm reported,Not stated,1 unit,event_date;chamber_lot;water_type_used,Ship replacement chamber and request return of the leaking part.,Product Quality Engineering,0.86,FALSE,
C-1006,2026-06-03T18:14,Web Form,Patient,US-West,Software/Connectivity,DEV-1008,OxySense Pulse Oximeter,Low,20,No,Companion app stopped syncing history after update; oximeter itself continues to function normally.,Not stated,Not stated,Yes,No harm reported,Not stated,1 unit,event_date;app_version;phone_operating_system;device_serial,Reproduce on current app build and confirm sync fix in next release.,Software Support,0.88,FALSE,
C-1007,2026-06-04T11:02,Phone,Clinician,US-Northeast,Adverse Event,RX-2001,Cardiozan 40mg Tablets,Critical,96,Yes,Facial swelling and diffuse rash after two weeks on Cardiozan; treated with steroids at urgent care and drug stopped.,Not stated,LOT-CZ-4409,Yes,Treated with steroids at urgent care; drug discontinued,Not applicable,1 patient,event_date;patient_age_and_sex;concomitant_medications;outcome_at_follow_up,Open expedited pharmacovigilance case and request follow-up outcome.,Pharmacovigilance,0.94,TRUE,Serious suspected adverse drug reaction
C-1008,2026-06-04T13:47,Distributor Portal,Distributor,EU-Nordics,Packaging/Labeling,DEV-1007,NebuMist Nebulizer,Medium,58,No,Carton and IFU supplied in German only for Swedish and Finnish markets; 60 units quarantined by distributor.,Not stated,LOT-NM-3312,No,Not applicable,No,60 units,event_date;artwork_version;affected_market_list,Confirm correct language artwork and arrange relabelling or replacement.,Regulatory Affairs,0.82,FALSE,
C-1009,2026-06-05T09:55,Email,Clinic Admin,US-Midwest,Billing/Order,UNKNOWN,Unidentified / Not stated,Low,20,No,Invoice 88231 charged twice to the same card; customer requesting refund of the duplicate.,Not stated,Not stated,No,Not applicable,Not applicable,Not applicable,product_identity;transaction_dates;card_reference,Verify duplicate transaction and process refund within five working days.,Customer Service,0.9,TRUE,Product could not be identified
C-1010,2026-06-05T15:09,Web Form,Patient,US-South,Device Malfunction,DEV-1003,PenMate Insulin Pen,High,82,Yes,Dose dial sticks and overshoots; patient suspects under-dosing with elevated blood sugars for one week.,Not stated,LOT-PM-9021,Yes,Elevated blood glucose over one week; no acute event,Not stated,1 unit,event_date;pen_return_status;insulin_type_and_dose;glucose_readings,Request pen return for dose accuracy testing and advise patient to switch device.,Product Quality Engineering,0.9,TRUE,Severity High with dosing accuracy concern
C-1011,2026-06-06T08:20,Phone,Clinician,US-West,Device Malfunction,DEV-1001,InfuLine 300 Infusion Pump,High,85,Yes,Pump display went blank mid-infusion in ICU; recovered after restart but unit removed from service.,Not stated,Not stated,Yes,No harm reported; delivered volume unverified,Not stated,1 unit,event_date;pump_serial_number;infusion_drug_and_rate;delivered_volume,Retrieve unit for fault log download and quarantine pending analysis.,Product Quality Engineering,0.88,TRUE,Severity High and MDR possible
C-1012,2026-06-06T12:44,Web Form,Patient,US-Northeast,Device Malfunction,DEV-1006,CardioCuff BP Monitor,Medium,52,No,Home readings consistently about 20 points above clinic measurements; clinician suspects device inaccuracy.,Not stated,Not stated,Yes,No harm reported,Not stated,1 unit,event_date;device_serial;cuff_size;comparison_readings,Request device return for calibration check and confirm cuff sizing with patient.,Product Quality Engineering,0.79,FALSE,
C-1013,2026-06-08T09:31,Email,Clinician,APAC-ANZ,Device Malfunction,DEV-1005,SureSeal Surgical Stapler,High,88,Yes,Stapler misfired during bowel resection leaving incomplete staple line; surgeon oversewed and procedure extended 25 minutes.,Not stated,LOT-SS-77133,Yes,Patient stable; anastomosis oversewn,Not stated,1 unit,event_date;device_return_status;operative_note;patient_follow_up,Retrieve device immediately and open MDR assessment for intraoperative failure.,Product Quality Engineering,0.93,TRUE,Intraoperative device failure with harm potential
C-1014,2026-06-08T17:05,Web Form,Patient,US-Midwest,Adverse Event,RX-2002,Dermaclear Topical Cream,High,74,Possible,Burning and blistering at application site persisting one week; patient seen by GP and switched to alternative treatment.,Not stated,LOT-DC-1188,Yes,Skin still erythematous after one week; alternative therapy prescribed,Not applicable,1 unit,event_date;application_area;duration_of_use;current_skin_status,Open pharmacovigilance case and request photographs and follow-up status.,Pharmacovigilance,0.81,TRUE,Suspected adverse drug reaction with ongoing symptoms
C-1015,2026-06-09T08:30,Phone,Patient,US-South,Usability/Training,DEV-1004,AeroRest CPAP Unit,Low,24,No,Patient unable to change ramp setting; booklet references clinician mode without exit instructions.,Not stated,Not stated,Yes,No harm reported,Not applicable,1 unit,event_date;device_serial;booklet_version,Walk patient through ramp setting and log IFU clarity gap for review.,Customer Service,0.87,FALSE,
C-1016,2026-06-09T14:17,Web Form,Clinic Admin,US-West,Software/Connectivity,DEV-1008,OxySense Pulse Oximeter,Medium,54,No,Six oximeters fail to pair with managed clinic tablets after firmware push; pairing works on personal phones.,Not stated,Not stated,No,Not applicable,No,6 units,event_date;firmware_version;tablet_model_and_mdm_profile;device_serials,Reproduce against managed device profile and issue firmware rollback or patch.,Software Support,0.87,FALSE,
C-1017,2026-06-10T10:41,Distributor Portal,Distributor,EU-DACH,Shipping/Logistics,UNKNOWN,Unidentified / Not stated,Medium,50,No,Pallet arrived with torn shrink wrap and two crushed cartons; distributor withholding release pending instruction.,Not stated,Not stated,No,Not applicable,No,2 cartons,product_identity;lot_numbers;photographs;carrier_reference,Inspect crushed cartons against damage criteria and confirm release or return.,Supply Chain,0.83,TRUE,Product could not be identified
C-1018,2026-06-10T15:29,Distributor Portal,Distributor,EU-Nordics,Quality/Sterility,DEV-1003,PenMate Insulin Pen,High,79,No,Four pens show cap-to-barrel gap with broken tamper rings; needle assembly sterility cannot be assured.,Not stated,LOT-PM-9008,No,Not applicable,No,4 units,event_date;photographs;total_lot_quantity;storage_conditions,Quarantine lot and open sterile barrier investigation with assembly review.,Product Quality Engineering,0.88,TRUE,Sterility assurance compromised
C-1019,2026-06-11T09:18,Web Form,Patient,US-Northeast,Device Malfunction,DEV-1007,NebuMist Nebulizer,Medium,52,No,Compressor noticeably louder with treatment time increased from eight to fifteen minutes; therapy still effective.,Not stated,SN-NM-118207,Yes,No harm reported,Not stated,1 unit,event_date;filter_replacement_history;nebuliser_cup_condition,Send replacement filter set and request unit return if performance persists.,Product Quality Engineering,0.85,FALSE,
C-1020,2026-06-11T13:55,Email,Patient,US-West,Privacy Incident,UNKNOWN,Unidentified / Not stated,High,80,No,Delivery contained another patient's name address and prescription details; recipient has not opened the product.,Not stated,Not stated,No,Not applicable,No,1 package,product_identity;affected_patient_identity;fulfilment_batch_reference,Notify Privacy Office within 24 hours and retrieve the misdirected paperwork.,Privacy Office,0.92,TRUE,Personal data disclosed to third party
C-1021,2026-06-12T08:02,Phone,Clinician,US-Midwest,Device Malfunction,DEV-1002,GlucoTrack G5 Blood Glucose Meter,High,86,Possible,Meters reading 30 to 40 points below laboratory reference; two patients advised to eat on false low readings.,Not stated,LOT-GT-5518,Yes,No harm; two patients acted on false low readings,Not stated,4 units,event_date;meter_serials;test_strip_lot;control_solution_results,Recall the four clinic units for accuracy testing and check strip lot performance.,Product Quality Engineering,0.9,TRUE,Measurement error with dosing consequence
C-1022,2026-06-12T17:33,Web Form,Patient,US-South,Device Malfunction,DEV-1006,CardioCuff BP Monitor,Low,26,No,Cuff strap frayed along the edge after approximately three weeks of daily use; still functional.,Not stated,SN-CC-990412,Yes,No harm reported,Not stated,1 unit,event_date;cleaning_method;replacement_cuff_required,Send replacement cuff and log wear pattern for materials review.,Product Quality Engineering,0.84,FALSE,
C-1023,2026-06-15T09:40,Email,Clinic Admin,US-Northeast,Billing/Order,UNKNOWN,Unidentified / Not stated,Low,20,No,Invoice price of 61 does not match quoted unit price of 42 on order 55820; customer withholding payment.,Not stated,Not stated,No,Not applicable,Not applicable,Not applicable,product_identity;quotation_reference;contracted_price_list,Reconcile quotation against contract pricing and reissue corrected invoice.,Customer Service,0.89,TRUE,Product could not be identified
C-1024,2026-06-15T14:26,Distributor Portal,Distributor,APAC-ANZ,Packaging/Labeling,RX-2001,Cardiozan 40mg Tablets,High,86,Possible,Carton states 40mg while blister foil is printed 20mg across the whole lot; 240 packs withheld from pharmacy.,Not stated,LOT-CZ-4420,No,Not applicable,No,240 packs,event_date;artwork_and_print_records;other_affected_lots,Escalate to Regulatory Affairs for field action assessment and block the lot.,Regulatory Affairs,0.94,TRUE,Wrong-strength labelling with dosing risk
C-1025,2026-06-16T06:48,Phone,Clinician,US-West,Device Malfunction,DEV-1001,InfuLine 300 Infusion Pump,Critical,97,Yes,Suspected free-flow bolus on set removal; neonate became fluid overloaded and required transfer to higher level care.,Not stated,LOT-IL300-2318,Yes,Fluid overload; transferred to higher level of care,Yes,1 unit,event_date;pump_serial_number;set_lot;infusate_and_volume;patient_outcome,Open MDR assessment immediately and collect pump and set for joint investigation.,Product Quality Engineering,0.96,TRUE,Serious harm with life-sustaining therapy failure
C-1026,2026-06-16T12:11,Web Form,Patient,US-Midwest,Software/Connectivity,DEV-1008,OxySense Pulse Oximeter,Low,20,No,App battery indicator remains at 100 percent regardless of actual charge; reported as a minor annoyance.,Not stated,Not stated,Yes,No harm reported,Not stated,1 unit,event_date;app_version;device_serial,Log battery reporting defect for the next app release.,Software Support,0.88,FALSE,
C-1027,2026-06-17T10:05,Phone,Patient,US-South,Usability/Training,DEV-1003,PenMate Insulin Pen,Medium,56,No,Patient injected without priming for two weeks after receiving no instruction; glucose readings affected.,Not stated,Not stated,Yes,Readings off; no acute event reported,Not applicable,1 unit,event_date;pen_lot;dispensing_pharmacy;current_glucose_control,Arrange device training call and notify dispensing pharmacy of the counselling gap.,Customer Service,0.83,FALSE,
C-1028,2026-06-17T15:48,Email,Clinic Admin,US-West,Shipping/Logistics,UNKNOWN,Unidentified / Not stated,Low,26,No,Two of four boxes missing from delivery although carrier note records four signed for.,Not stated,Not stated,No,Not applicable,Not applicable,2 boxes,product_identity;order_number;carrier_tracking_reference,Open carrier claim and ship the shortfall on next-day service.,Supply Chain,0.87,TRUE,Product could not be identified
C-1029,2026-06-18T08:37,Phone,Clinician,EU-DACH,Adverse Event,RX-2001,Cardiozan 40mg Tablets,High,88,Yes,Two patients on one lot showed marked creatinine rise within two weeks; one admitted for rehydration.,Not stated,LOT-CZ-4415,Yes,One admission for rehydration; both discontinued,Not applicable,2 patients,event_date;baseline_renal_function;concomitant_medications;patient_outcomes,Open pharmacovigilance cases and initiate lot-level signal review.,Pharmacovigilance,0.92,TRUE,Possible lot-specific safety signal
C-1030,2026-06-18T16:09,Email,Clinician,APAC-ANZ,Adverse Event,DEV-1005,SureSeal Surgical Stapler,Critical,95,Yes,Post-operative infection linked to compromised sterile pouch; patient returned to theatre for washout and IV antibiotics.,Not stated,LOT-SS-77141,Yes,Return to theatre for washout; on IV antibiotics,Yes,1 unit,event_date;operative_and_microbiology_reports;pouch_photographs;patient_outcome,Open MDR assessment and joint sterility investigation with the retained packaging.,Pharmacovigilance,0.86,TRUE,Serious infection following sterility breach
C-1031,2026-06-19T07:21,Web Form,Patient,US-Northeast,Device Malfunction,DEV-1004,AeroRest CPAP Unit,High,87,Yes,Unit shut off twice overnight without alarm; patient woke gasping and has stopped using the device.,Not stated,SN-AR-452140,Yes,Woke gasping twice; therapy discontinued by patient,Not stated,1 unit,event_date;device_fault_log;prescribed_pressure;therapy_hours_data,Replace unit immediately and retrieve original for fault log analysis.,Product Quality Engineering,0.9,TRUE,Failure of therapy with respiratory compromise
C-1032,2026-06-19T13:14,Web Form,Patient,US-South,Product Inquiry/Feedback,UNKNOWN,Unidentified / Not stated,Low,12,No,Positive feedback that the redesigned carrying case handle is easier to use with arthritis.,Not stated,Not stated,Yes,Not applicable,Not applicable,Not applicable,product_identity,Acknowledge feedback and forward to product design for the improvement log.,Customer Service,0.85,TRUE,Product could not be identified
C-1033,2026-06-22T09:56,Distributor Portal,Distributor,EU-Nordics,Device Malfunction,DEV-1002,GlucoTrack G5 Blood Glucose Meter,High,78,No,Twelve meters fail start-up self-test with Err 4 and are unusable; remainder of lot held.,Not stated,LOT-GT-5524,No,Not applicable,No,12 units,event_date;meter_serials;total_lot_quantity;storage_conditions,Recall affected units and investigate self-test failure mode across the lot.,Product Quality Engineering,0.89,TRUE,Systematic failure affecting a full lot
C-1034,2026-06-22T14:38,Email,Clinic Admin,US-Midwest,Billing/Order,UNKNOWN,Unidentified / Not stated,Low,24,No,Order 56102 charged in full despite cancellation within the hour; second occurrence this quarter.,Not stated,Not stated,No,Not applicable,Not applicable,Not applicable,product_identity;cancellation_confirmation;charge_date,Refund the charge and investigate why cancellations are not reaching billing.,Customer Service,0.88,TRUE,Product could not be identified
C-1035,2026-06-23T11:03,Web Form,Clinic Admin,US-West,Software/Connectivity,DEV-1006,CardioCuff BP Monitor,Medium,54,No,Reporting portal times out on seven-day recording exports across multiple browsers and networks.,Not stated,Not stated,No,Not applicable,Not applicable,Not stated,event_date;account_identifier;example_recording_reference,Reproduce large export server-side and raise a performance defect.,Software Support,0.86,FALSE,
C-1036,2026-06-23T16:20,Distributor Portal,Distributor,EU-DACH,Packaging/Labeling,RX-2002,Dermaclear Topical Cream,Medium,56,No,Outer carton omits the storage temperature statement present in the leaflet; 150 units held for non-compliance.,Not stated,LOT-DC-1204,No,Not applicable,No,150 units,event_date;artwork_version;other_affected_lots,Confirm approved artwork and arrange overlabelling or replacement cartons.,Regulatory Affairs,0.87,FALSE,
C-1037,2026-06-24T07:44,Phone,Clinician,US-Northeast,Adverse Event,DEV-1003,PenMate Insulin Pen,Critical,99,Yes,Pen delivered a suspected full cartridge in one press; patient found unresponsive with glucose 1.9 and hospitalised.,Not stated,LOT-PM-9028,Yes,Found unresponsive; admitted by ambulance; now stable,Yes,1 unit,event_date;pen_dose_setting;insulin_type;discharge_summary,Open MDR assessment within 24 hours and secure the pen for dose delivery testing.,Pharmacovigilance,0.97,TRUE,Life-threatening event with device involvement
C-1038,2026-06-25T10:30,Email,Clinic Admin,US-South,Shipping/Logistics,UNKNOWN,Unidentified / Not stated,High,76,No,Shipment held six days at depot and arrived with cold chain indicator tripped; stock not accepted.,Not stated,Not stated,No,Not applicable,No,Not stated,product_identity;lot_numbers;temperature_logger_data;prior_deliveries_this_month,Quarantine the consignment and assess temperature excursion impact on earlier deliveries.,Supply Chain,0.85,TRUE,Cold chain excursion with product quality impact
C-1039,2026-06-25T14:55,Phone,Patient,US-West,Adverse Event,RX-2002,Dermaclear Topical Cream,High,84,Yes,Spreading rash on chest and neck away from application site two days after starting; dermatology referral made.,Not stated,LOT-DC-1188,Yes,Rash persisting three weeks; referred to dermatology,Not applicable,1 unit,event_date;concomitant_medications;photographs;dermatology_outcome,Open pharmacovigilance case and link to the other report on this lot.,Pharmacovigilance,0.9,TRUE,Suspected systemic adverse drug reaction
C-1040,2026-06-26T08:12,Phone,Clinician,US-West,Device Malfunction,DEV-1001,InfuLine 300 Infusion Pump,Critical,94,Yes,Air-in-line alarm failed to trigger with visible air column in the set; caught visually before reaching the patient.,Not stated,LOT-IL300-2327,Yes,No harm; air detected before delivery,Not stated,1 unit,event_date;pump_serial_number;set_lot;alarm_test_results,Quarantine unit and test air-in-line detection across the installed fleet.,Product Quality Engineering,0.93,TRUE,Safety alarm failure on life-sustaining therapy
